{"stats":{"minecraft:used":{"minecraft:ender_eye":12,"paraglider:goddess_statue":1,"minecraft:end_portal_frame":23,"biomesoplenty:glowworm_silk":1},"minecraft:picked_up":{"minecraft:stone":1,"minecraft:stick":1,"minecraft:end_portal_frame":2,"minecraft:grass_block":1,"minecraft:dirt":1},"minecraft:dropped":{"minecraft:gravel":1,"minecraft:dirt":2,"minecraft:grass":1,"projectvibrantjourneys:acacia_hollow_log":1,"minecraft:stone":1,"minecraft:mud":1,"minecraft:deepslate":1,"minecraft:andesite":1,"minecraft:grass_block":3,"minecraft:stick":1,"minecraft:end_portal_frame":2},"minecraft:custom":{"minecraft:time_since_rest":29088,"minecraft:open_chest":2,"minecraft:crouch_one_cm":201,"minecraft:sprint_one_cm":32110,"minecraft:play_time":63710,"minecraft:deaths":1,"minecraft:walk_one_cm":140902,"minecraft:sneak_time":188,"minecraft:walk_under_water_one_cm":6048,"minecraft:drop":15,"minecraft:jump":222,"minecraft:damage_dealt":69,"minecraft:leave_game":4,"minecraft:walk_on_water_one_cm":2070,"minecraft:time_since_death":29060,"minecraft:total_world_time":63710,"minecraft:swim_one_cm":267,"minecraft:fall_one_cm":209,"minecraft:fly_one_cm":786134}},"DataVersion":3120}