{"stats":{"minecraft:dropped":{"minecraft:end_portal_frame":2},"minecraft:used":{"minecraft:ender_eye":12,"minecraft:end_portal_frame":23,"paraglider:goddess_statue":1},"minecraft:picked_up":{"minecraft:end_portal_frame":2},"minecraft:custom":{"minecraft:jump":39,"minecraft:open_chest":2,"minecraft:time_since_rest":33791,"minecraft:crouch_one_cm":46,"minecraft:leave_game":2,"minecraft:play_time":33791,"minecraft:sprint_one_cm":6089,"minecraft:time_since_death":33791,"minecraft:walk_on_water_one_cm":1230,"minecraft:walk_one_cm":134232,"minecraft:sneak_time":68,"minecraft:total_world_time":33791,"minecraft:walk_under_water_one_cm":1978,"minecraft:swim_one_cm":267,"minecraft:drop":2,"minecraft:fall_one_cm":209,"minecraft:fly_one_cm":232697}},"DataVersion":3120}