{"stats":{"minecraft:custom":{"minecraft:jump":50,"minecraft:time_since_rest":12557,"minecraft:damage_dealt":160,"minecraft:crouch_one_cm":50,"minecraft:leave_game":2,"minecraft:play_time":12557,"minecraft:sprint_one_cm":11800,"minecraft:time_since_death":12557,"minecraft:walk_one_cm":7124,"minecraft:sneak_time":6,"minecraft:total_world_time":12557,"minecraft:mob_kills":1,"minecraft:fall_one_cm":1579,"minecraft:fly_one_cm":22059},"minecraft:mined":{"minecraft:grass":8},"minecraft:picked_up":{"minecraft:mutton":1,"minecraft:wheat_seeds":1,"minecraft:white_wool":1},"minecraft:killed":{"minecraft:sheep":1}},"DataVersion":3465}