{"stats":{"minecraft:used":{"minecraft:furnace":3,"minecraft:carrot":1,"minecraft:chest":1,"minecraft:netherite_hoe":2,"minecraft:bone_meal":5},"minecraft:mined":{"minecraft:grass":8},"minecraft:custom":{"minecraft:time_since_rest":30348,"minecraft:open_chest":2,"minecraft:crouch_one_cm":234,"minecraft:interact_with_furnace":7,"minecraft:sprint_one_cm":18896,"minecraft:play_time":30348,"minecraft:walk_one_cm":19345,"minecraft:sneak_time":51,"minecraft:mob_kills":1,"minecraft:jump":90,"minecraft:damage_dealt":287,"minecraft:leave_game":5,"minecraft:time_since_death":30348,"minecraft:total_world_time":30348,"minecraft:fall_one_cm":1579,"minecraft:fly_one_cm":31511},"minecraft:picked_up":{"minecraft:wheat_seeds":1,"minecraft:carrot":4,"minecraft:mutton":1,"minecraft:white_wool":1},"minecraft:killed":{"minecraft:sheep":1}},"DataVersion":3465}